FirstName,LastName,Email,Passwd
Jacob,Barnum,jacobtb2323@gmail.com,test123
Caleb,Barton,cbarton450@gmail.com,passsswrd
Jona,Monette,monettejona@gmail.com,1234567!
Joshua,Haviland,jghaviland@gmail.com,DontJudgeMe
Erik,Burges,erik.t.burges@gmail.com,EBURGEs12!